i_bin,x,y,z, hj_w_jets_bin,hj_w_tau_jets_bin, hj_q_jets_bin,hj_q_tau_jets_bin, hjm_w_jets_bin,hjm_w_tau_jets_bin, hjm_q_jets_bin,hjm_q_tau_jets_bin
97, 14.5,-2.25,0.03, 0,0,0,0, 0,0,0,0
109, 14.5,-0.975,0.03, 0,0,0,0, 0,0,0,0
121, 14.5,0,0.03, 0,0,0,0, 0,0,0,0
133, 14.5,0.975,0.03, 0,0,0,0, 0,0,0,0
145, 14.5,2.25,0.03, 0,0,0,0, 0,0,0,0
98, 31,-2.25,0.03, 0,0,0,0, 0,0,1,0
110, 31,-0.975,0.03, 0,0,0,0, 0,0,0,0
122, 31,0,0.03, 0,0,0,0, 0,0,0,0
134, 31,0.975,0.03, 0,0,0,0, 0,0,0,0
146, 31,2.25,0.03, 0,0,0,0, 0,0,1,0
99, 35,-2.25,0.03, 0,0,0,0, 0,0,0,0
111, 35,-0.975,0.03, 0,0,0,0, 0,0,0,0
123, 35,0,0.03, 0,0,0,0, 0,0,0,0
135, 35,0.975,0.03, 0,0,0,0, 0,0,0,0
147, 35,2.25,0.03, 0,0,0,0, 0,0,0,0
100, 38.5,-2.25,0.03, 0,0,0,0, 0,0,0,0
112, 38.5,-0.975,0.03, 0,0,0,0, 0,0,0,0
124, 38.5,0,0.03, 0,0,0,0, 0,0,0,0
136, 38.5,0.975,0.03, 0,0,0,0, 0,0,0,0
148, 38.5,2.25,0.03, 0,0,0,0, 0,0,0,0
101, 41.5,-2.25,0.03, 0,0,0,0, 0,0,0,0
113, 41.5,-0.975,0.03, 0,0,0,0, 0,0,0,0
125, 41.5,0,0.03, 0,0,0,0, 0,0,0,0
137, 41.5,0.975,0.03, 0,0,0,0, 0,0,0,0
149, 41.5,2.25,0.03, 0,0,0,0, 0,0,0,0
102, 44,-2.25,0.03, 0,0,0,0, 0,0,0,0
114, 44,-0.975,0.03, 0,0,0,0, 0,0,0,0
126, 44,0,0.03, 0,0,0,0, 0,0,0,0
138, 44,0.975,0.03, 0,0,0,0, 0,0,0,0
150, 44,2.25,0.03, 0,0,0,0, 0,0,0,0
103, 46.5,-2.25,0.03, 0,0,0,0, 0,0,0,0
115, 46.5,-0.975,0.03, 0,0,0,0, 0,0,0,0
127, 46.5,0,0.03, 0,0,0,0, 0,0,0,0
139, 46.5,0.975,0.03, 0,0,0,0, 0,0,0,0
151, 46.5,2.25,0.03, 0,0,0,0, 0,0,0,0
104, 52,-2.25,0.03, 0,0,0,0, 0,0,0,0
116, 52,-0.975,0.03, 0,0,0,0, 0,0,0,0
128, 52,0,0.03, 0,0,0,0, 0,0,0,0
140, 52,0.975,0.03, 0,0,0,0, 0,0,0,0
152, 52,2.25,0.03, 0,0,0,0, 0,0,0,0
105, 59.5,-2.25,0.03, 0,0,0,0, 0,0,0,0
117, 59.5,-0.975,0.03, 0,0,0,0, 0,0,0,0
129, 59.5,0,0.03, 0,0,0,0, 0,0,0,0
141, 59.5,0.975,0.03, 0,0,1,0, 0,0,0,0
153, 59.5,2.25,0.03, 0,0,0,0, 0,0,0,0
106, 281.5,-2.25,0.03, 0,0,0,0, 0,0,0,0
118, 281.5,-0.975,0.03, 0,0,1,0, 0,0,0,0
130, 281.5,0,0.03, 0,0,4,0, 0,0,1,0
142, 281.5,0.975,0.03, 0,0,3,0, 0,0,0,0
154, 281.5,2.25,0.03, 0,0,1,0, 0,0,1,0
181, 14.5,-2.25,0.065, 0,0,0,0, 0,0,0,0
193, 14.5,-0.975,0.065, 0,0,0,0, 0,0,0,0
205, 14.5,0,0.065, 0,0,0,0, 0,0,0,0
217, 14.5,0.975,0.065, 0,0,0,0, 0,0,0,0
229, 14.5,2.25,0.065, 0,0,0,0, 0,0,0,0
182, 31,-2.25,0.065, 0,0,0,0, 0,0,0,0
194, 31,-0.975,0.065, 0,0,0,0, 0,0,0,0
206, 31,0,0.065, 0,0,0,0, 0,0,0,0
218, 31,0.975,0.065, 0,0,0,0, 0,0,0,0
230, 31,2.25,0.065, 0,0,0,0, 0,0,0,0
183, 35,-2.25,0.065, 0,0,0,0, 0,0,0,0
195, 35,-0.975,0.065, 0,0,0,0, 0,0,0,0
207, 35,0,0.065, 0,0,0,0, 0,0,0,0
219, 35,0.975,0.065, 0,0,0,0, 0,0,0,0
231, 35,2.25,0.065, 0,0,0,0, 0,0,0,0
184, 38.5,-2.25,0.065, 0,0,0,0, 0,0,0,0
196, 38.5,-0.975,0.065, 0,0,0,0, 0,0,0,0
208, 38.5,0,0.065, 0,0,0,0, 0,0,0,0
220, 38.5,0.975,0.065, 0,0,0,0, 0,0,0,0
232, 38.5,2.25,0.065, 0,0,0,0, 0,0,0,0
185, 41.5,-2.25,0.065, 0,0,0,0, 0,0,0,0
197, 41.5,-0.975,0.065, 0,0,0,0, 0,0,1,0
209, 41.5,0,0.065, 0,0,0,0, 0,0,0,0
221, 41.5,0.975,0.065, 0,0,0,0, 0,0,1,0
233, 41.5,2.25,0.065, 0,0,0,0, 0,0,0,0
186, 44,-2.25,0.065, 0,0,0,0, 0,0,0,0
198, 44,-0.975,0.065, 0,0,0,0, 0,0,1,0
210, 44,0,0.065, 0,0,0,0, 0,0,0,0
222, 44,0.975,0.065, 0,0,0,0, 0,0,0,0
234, 44,2.25,0.065, 0,0,0,0, 0,0,0,0
187, 46.5,-2.25,0.065, 0,0,0,0, 0,0,0,0
199, 46.5,-0.975,0.065, 0,0,0,0, 0,0,0,0
211, 46.5,0,0.065, 0,0,0,0, 0,0,0,0
223, 46.5,0.975,0.065, 0,0,0,0, 0,0,0,0
235, 46.5,2.25,0.065, 0,0,0,0, 0,0,0,0
188, 52,-2.25,0.065, 0,0,0,0, 0,0,0,0
200, 52,-0.975,0.065, 0,0,0,0, 0,0,0,0
212, 52,0,0.065, 0,0,0,0, 0,0,0,0
224, 52,0.975,0.065, 0,0,0,0, 0,0,0,0
236, 52,2.25,0.065, 0,0,0,0, 0,0,1,0
189, 59.5,-2.25,0.065, 0,0,0,0, 0,0,0,0
201, 59.5,-0.975,0.065, 0,0,0,0, 0,0,0,0
213, 59.5,0,0.065, 0,0,0,0, 0,0,0,0
225, 59.5,0.975,0.065, 0,0,0,0, 0,0,0,0
237, 59.5,2.25,0.065, 0,0,0,0, 0,0,0,0
190, 281.5,-2.25,0.065, 0,0,0,0, 0,0,0,0
202, 281.5,-0.975,0.065, 0,0,1,0, 1,0,1,0
214, 281.5,0,0.065, 0,0,4,0, 0,0,0,0
226, 281.5,0.975,0.065, 0,0,1,0, 0,0,0,0
238, 281.5,2.25,0.065, 0,0,0,0, 0,0,1,0
265, 14.5,-2.25,0.075, 0,0,0,0, 0,0,0,0
277, 14.5,-0.975,0.075, 0,0,0,0, 0,0,0,0
289, 14.5,0,0.075, 0,0,0,0, 0,0,0,0
301, 14.5,0.975,0.075, 0,0,0,0, 0,0,0,0
313, 14.5,2.25,0.075, 0,0,0,0, 0,0,0,0
266, 31,-2.25,0.075, 0,0,0,0, 0,0,0,0
278, 31,-0.975,0.075, 0,0,0,0, 0,0,0,0
290, 31,0,0.075, 0,0,0,0, 0,0,0,0
302, 31,0.975,0.075, 0,0,0,0, 0,0,0,0
314, 31,2.25,0.075, 0,0,0,0, 0,0,0,0
267, 35,-2.25,0.075, 0,0,0,0, 0,0,0,0
279, 35,-0.975,0.075, 0,0,0,0, 0,0,0,0
291, 35,0,0.075, 0,0,0,0, 0,0,0,0
303, 35,0.975,0.075, 0,0,0,0, 0,0,0,0
315, 35,2.25,0.075, 0,0,0,0, 0,0,1,0
268, 38.5,-2.25,0.075, 0,0,0,0, 0,0,0,0
280, 38.5,-0.975,0.075, 0,0,0,0, 0,0,0,0
292, 38.5,0,0.075, 0,0,0,0, 0,0,0,0
304, 38.5,0.975,0.075, 0,0,0,0, 0,0,0,0
316, 38.5,2.25,0.075, 0,0,0,0, 0,0,0,0
269, 41.5,-2.25,0.075, 0,0,0,0, 0,0,0,0
281, 41.5,-0.975,0.075, 0,0,0,0, 0,0,0,0
293, 41.5,0,0.075, 0,0,0,0, 0,0,0,0
305, 41.5,0.975,0.075, 0,0,0,0, 0,0,0,0
317, 41.5,2.25,0.075, 0,0,0,0, 0,0,1,0
270, 44,-2.25,0.075, 0,0,0,0, 0,0,0,0
282, 44,-0.975,0.075, 0,0,0,0, 0,0,0,0
294, 44,0,0.075, 0,0,0,0, 0,0,0,0
306, 44,0.975,0.075, 0,0,0,0, 0,0,0,0
318, 44,2.25,0.075, 0,0,0,0, 0,0,0,0
271, 46.5,-2.25,0.075, 0,0,0,0, 0,0,0,0
283, 46.5,-0.975,0.075, 0,0,0,0, 0,0,0,0
295, 46.5,0,0.075, 0,0,0,0, 0,0,0,0
307, 46.5,0.975,0.075, 0,0,0,0, 0,0,0,0
319, 46.5,2.25,0.075, 0,0,0,0, 0,0,0,0
272, 52,-2.25,0.075, 0,0,0,0, 0,0,0,0
284, 52,-0.975,0.075, 0,0,0,0, 0,0,0,0
296, 52,0,0.075, 0,0,0,0, 0,0,1,0
308, 52,0.975,0.075, 0,0,0,0, 0,0,0,0
320, 52,2.25,0.075, 0,0,0,0, 0,0,0,0
273, 59.5,-2.25,0.075, 0,0,0,0, 0,0,0,0
285, 59.5,-0.975,0.075, 0,0,0,0, 0,0,0,0
297, 59.5,0,0.075, 0,0,0,0, 0,0,0,0
309, 59.5,0.975,0.075, 0,0,0,0, 0,0,0,0
321, 59.5,2.25,0.075, 0,0,0,0, 0,0,0,0
274, 281.5,-2.25,0.075, 0,0,1,0, 0,0,0,0
286, 281.5,-0.975,0.075, 0,0,2,0, 0,0,0,0
298, 281.5,0,0.075, 0,0,4,0, 0,0,0,0
310, 281.5,0.975,0.075, 0,0,2,0, 0,0,1,0
322, 281.5,2.25,0.075, 0,0,1,0, 0,0,0,0
349, 14.5,-2.25,0.0835, 0,0,0,0, 0,0,0,0
361, 14.5,-0.975,0.0835, 0,0,0,0, 0,0,0,0
373, 14.5,0,0.0835, 0,0,0,0, 0,0,0,0
385, 14.5,0.975,0.0835, 0,0,0,0, 0,0,0,0
397, 14.5,2.25,0.0835, 0,0,0,0, 0,0,0,0
350, 31,-2.25,0.0835, 0,0,0,0, 0,0,0,0
362, 31,-0.975,0.0835, 0,0,0,0, 0,0,0,0
374, 31,0,0.0835, 0,0,0,0, 0,0,0,0
386, 31,0.975,0.0835, 0,0,0,0, 0,0,0,0
398, 31,2.25,0.0835, 0,0,0,0, 0,0,0,0
351, 35,-2.25,0.0835, 0,0,0,0, 0,0,0,0
363, 35,-0.975,0.0835, 0,0,0,0, 0,0,0,0
375, 35,0,0.0835, 0,0,0,0, 0,0,0,0
387, 35,0.975,0.0835, 0,0,0,0, 0,0,0,0
399, 35,2.25,0.0835, 0,0,0,0, 0,0,0,0
352, 38.5,-2.25,0.0835, 0,0,0,0, 0,0,0,0
364, 38.5,-0.975,0.0835, 0,0,0,0, 0,0,0,0
376, 38.5,0,0.0835, 0,0,0,0, 0,0,0,0
388, 38.5,0.975,0.0835, 0,0,0,0, 0,0,0,0
400, 38.5,2.25,0.0835, 0,0,0,0, 0,0,0,0
353, 41.5,-2.25,0.0835, 0,0,0,0, 0,0,0,0
365, 41.5,-0.975,0.0835, 0,0,0,0, 0,0,0,0
377, 41.5,0,0.0835, 0,0,0,0, 0,0,0,0
389, 41.5,0.975,0.0835, 0,0,0,0, 0,0,0,0
401, 41.5,2.25,0.0835, 0,0,0,0, 0,0,0,0
354, 44,-2.25,0.0835, 0,0,0,0, 0,0,0,0
366, 44,-0.975,0.0835, 0,0,0,0, 0,0,0,0
378, 44,0,0.0835, 0,0,0,0, 0,0,0,0
390, 44,0.975,0.0835, 0,0,0,0, 0,0,0,0
402, 44,2.25,0.0835, 0,0,0,0, 0,0,0,0
355, 46.5,-2.25,0.0835, 0,0,0,0, 0,0,0,0
367, 46.5,-0.975,0.0835, 0,0,0,0, 0,0,0,0
379, 46.5,0,0.0835, 0,0,0,0, 0,0,0,0
391, 46.5,0.975,0.0835, 0,0,0,0, 0,0,0,0
403, 46.5,2.25,0.0835, 0,0,0,0, 0,0,0,0
356, 52,-2.25,0.0835, 0,0,0,0, 0,0,0,0
368, 52,-0.975,0.0835, 0,0,1,0, 0,0,0,0
380, 52,0,0.0835, 0,0,0,0, 0,0,0,0
392, 52,0.975,0.0835, 0,0,0,0, 0,0,0,0
404, 52,2.25,0.0835, 0,0,0,0, 0,0,0,0
357, 59.5,-2.25,0.0835, 0,0,0,0, 0,0,0,0
369, 59.5,-0.975,0.0835, 0,0,0,0, 0,0,0,0
381, 59.5,0,0.0835, 0,0,0,0, 0,0,0,0
393, 59.5,0.975,0.0835, 0,0,0,0, 0,0,0,0
405, 59.5,2.25,0.0835, 0,0,0,0, 0,0,0,0
358, 281.5,-2.25,0.0835, 0,0,2,0, 1,0,1,0
370, 281.5,-0.975,0.0835, 0,0,5,0, 0,0,1,0
382, 281.5,0,0.0835, 0,0,3,0, 0,0,1,0
394, 281.5,0.975,0.0835, 0,0,3,0, 0,0,1,0
406, 281.5,2.25,0.0835, 0,0,3,0, 0,0,0,0
433, 14.5,-2.25,0.09, 0,0,0,0, 0,0,0,0
445, 14.5,-0.975,0.09, 0,0,0,0, 0,0,0,0
457, 14.5,0,0.09, 0,0,0,0, 0,0,0,0
469, 14.5,0.975,0.09, 0,0,0,0, 0,0,0,0
481, 14.5,2.25,0.09, 0,0,0,0, 0,0,0,0
434, 31,-2.25,0.09, 0,0,0,0, 0,0,0,0
446, 31,-0.975,0.09, 0,0,0,0, 0,0,0,0
458, 31,0,0.09, 0,0,0,0, 0,0,0,0
470, 31,0.975,0.09, 0,0,0,0, 0,0,0,0
482, 31,2.25,0.09, 0,0,0,0, 0,0,0,0
435, 35,-2.25,0.09, 0,0,0,0, 0,0,0,0
447, 35,-0.975,0.09, 0,0,0,0, 0,0,0,0
459, 35,0,0.09, 0,0,0,0, 0,0,0,0
471, 35,0.975,0.09, 0,0,0,0, 0,0,0,0
483, 35,2.25,0.09, 0,0,0,0, 0,0,0,0
436, 38.5,-2.25,0.09, 0,0,0,0, 0,0,0,0
448, 38.5,-0.975,0.09, 0,0,0,0, 0,0,0,0
460, 38.5,0,0.09, 0,0,0,0, 0,0,0,0
472, 38.5,0.975,0.09, 0,0,0,0, 2,1,1,1
484, 38.5,2.25,0.09, 0,0,0,0, 0,0,0,0
437, 41.5,-2.25,0.09, 0,0,0,0, 0,0,0,0
449, 41.5,-0.975,0.09, 0,0,0,0, 0,0,0,0
461, 41.5,0,0.09, 0,0,0,0, 0,0,0,0
473, 41.5,0.975,0.09, 0,0,0,0, 0,0,0,0
485, 41.5,2.25,0.09, 0,0,0,0, 0,0,0,0
438, 44,-2.25,0.09, 0,0,0,0, 0,0,0,0
450, 44,-0.975,0.09, 0,0,0,0, 0,0,0,0
462, 44,0,0.09, 0,0,0,0, 0,0,0,0
474, 44,0.975,0.09, 0,0,0,0, 1,0,1,0
486, 44,2.25,0.09, 0,0,0,0, 0,0,0,0
439, 46.5,-2.25,0.09, 0,0,0,0, 0,0,0,0
451, 46.5,-0.975,0.09, 0,0,0,0, 1,0,1,0
463, 46.5,0,0.09, 0,0,0,0, 0,0,0,0
475, 46.5,0.975,0.09, 0,0,0,0, 0,0,0,0
487, 46.5,2.25,0.09, 0,0,0,0, 0,0,0,0
440, 52,-2.25,0.09, 0,0,0,0, 0,0,0,0
452, 52,-0.975,0.09, 0,0,0,0, 0,0,0,0
464, 52,0,0.09, 0,0,0,0, 0,0,0,0
476, 52,0.975,0.09, 0,0,0,0, 0,0,0,0
488, 52,2.25,0.09, 0,0,0,0, 0,0,0,0
441, 59.5,-2.25,0.09, 0,0,0,0, 0,0,0,0
453, 59.5,-0.975,0.09, 0,0,0,0, 0,0,0,0
465, 59.5,0,0.09, 0,0,0,0, 0,0,0,0
477, 59.5,0.975,0.09, 0,0,0,0, 0,0,0,0
489, 59.5,2.25,0.09, 0,0,0,0, 0,0,1,0
442, 281.5,-2.25,0.09, 0,0,1,0, 0,0,1,0
454, 281.5,-0.975,0.09, 0,0,4,0, 1,0,0,0
466, 281.5,0,0.09, 0,0,6,0, 0,0,1,0
478, 281.5,0.975,0.09, 0,0,4,0, 1,0,1,0
490, 281.5,2.25,0.09, 0,0,0,0, 0,0,0,0
517, 14.5,-2.25,0.0965, 0,0,0,0, 0,0,0,0
529, 14.5,-0.975,0.0965, 0,0,0,0, 0,0,0,0
541, 14.5,0,0.0965, 0,0,0,0, 0,0,0,0
553, 14.5,0.975,0.0965, 0,0,0,0, 0,0,0,0
565, 14.5,2.25,0.0965, 0,0,0,0, 0,0,0,0
518, 31,-2.25,0.0965, 0,0,0,0, 0,0,2,0
530, 31,-0.975,0.0965, 0,0,0,0, 0,0,0,0
542, 31,0,0.0965, 0,0,0,0, 0,0,0,0
554, 31,0.975,0.0965, 0,0,0,0, 0,0,0,0
566, 31,2.25,0.0965, 0,0,0,0, 0,0,0,0
519, 35,-2.25,0.0965, 0,0,0,0, 0,0,0,0
531, 35,-0.975,0.0965, 0,0,0,0, 0,0,0,0
543, 35,0,0.0965, 0,0,0,0, 0,0,0,0
555, 35,0.975,0.0965, 0,0,0,0, 0,0,0,0
567, 35,2.25,0.0965, 0,0,0,0, 0,0,0,0
520, 38.5,-2.25,0.0965, 0,0,0,0, 0,0,0,0
532, 38.5,-0.975,0.0965, 0,0,0,0, 0,0,0,0
544, 38.5,0,0.0965, 0,0,0,0, 0,0,0,0
556, 38.5,0.975,0.0965, 0,0,1,0, 0,0,1,0
568, 38.5,2.25,0.0965, 0,0,0,0, 0,0,0,0
521, 41.5,-2.25,0.0965, 0,0,0,0, 0,0,0,0
533, 41.5,-0.975,0.0965, 0,0,0,0, 0,0,0,0
545, 41.5,0,0.0965, 0,0,0,0, 0,0,0,0
557, 41.5,0.975,0.0965, 1,0,0,0, 0,0,0,0
569, 41.5,2.25,0.0965, 0,0,0,0, 0,0,0,0
522, 44,-2.25,0.0965, 0,0,0,0, 0,0,0,0
534, 44,-0.975,0.0965, 0,0,0,0, 0,0,0,0
546, 44,0,0.0965, 0,0,0,0, 0,0,0,0
558, 44,0.975,0.0965, 0,0,0,0, 0,0,0,0
570, 44,2.25,0.0965, 0,0,0,0, 0,0,0,0
523, 46.5,-2.25,0.0965, 0,0,0,0, 0,0,0,0
535, 46.5,-0.975,0.0965, 0,0,0,0, 0,0,1,0
547, 46.5,0,0.0965, 0,0,0,0, 0,0,0,0
559, 46.5,0.975,0.0965, 0,0,0,0, 0,0,0,0
571, 46.5,2.25,0.0965, 0,0,0,0, 0,0,0,0
524, 52,-2.25,0.0965, 0,0,0,0, 0,0,0,0
536, 52,-0.975,0.0965, 0,0,0,0, 0,0,0,0
548, 52,0,0.0965, 0,0,0,0, 1,0,1,0
560, 52,0.975,0.0965, 0,0,0,0, 0,0,0,0
572, 52,2.25,0.0965, 0,0,1,0, 0,0,0,0
525, 59.5,-2.25,0.0965, 0,0,0,0, 0,0,0,0
537, 59.5,-0.975,0.0965, 0,0,0,0, 0,0,0,0
549, 59.5,0,0.0965, 0,0,0,0, 0,0,0,0
561, 59.5,0.975,0.0965, 0,0,0,0, 0,0,0,0
573, 59.5,2.25,0.0965, 0,0,0,0, 0,0,0,0
526, 281.5,-2.25,0.0965, 1,0,2,0, 0,0,0,0
538, 281.5,-0.975,0.0965, 0,0,6,0, 0,0,0,0
550, 281.5,0,0.0965, 0,0,1,0, 1,0,0,0
562, 281.5,0.975,0.0965, 0,0,5,0, 1,0,2,0
574, 281.5,2.25,0.0965, 0,0,2,0, 0,0,0,0
601, 14.5,-2.25,0.1035, 0,0,0,0, 0,0,0,0
613, 14.5,-0.975,0.1035, 0,0,0,0, 0,0,0,0
625, 14.5,0,0.1035, 0,0,0,0, 0,0,0,0
637, 14.5,0.975,0.1035, 0,0,0,0, 0,0,0,0
649, 14.5,2.25,0.1035, 0,0,0,0, 0,0,0,0
602, 31,-2.25,0.1035, 0,0,0,0, 0,0,0,0
614, 31,-0.975,0.1035, 0,0,0,0, 0,0,0,0
626, 31,0,0.1035, 0,0,0,0, 0,0,0,0
638, 31,0.975,0.1035, 0,0,0,0, 0,0,0,0
650, 31,2.25,0.1035, 0,0,0,0, 0,0,0,0
603, 35,-2.25,0.1035, 0,0,0,0, 0,0,0,0
615, 35,-0.975,0.1035, 0,0,2,0, 0,0,0,0
627, 35,0,0.1035, 0,0,0,0, 0,0,0,0
639, 35,0.975,0.1035, 0,0,0,0, 0,0,0,0
651, 35,2.25,0.1035, 0,0,0,0, 0,0,0,0
604, 38.5,-2.25,0.1035, 0,0,0,0, 0,0,0,0
616, 38.5,-0.975,0.1035, 0,0,0,0, 0,0,0,0
628, 38.5,0,0.1035, 0,0,0,0, 0,0,0,0
640, 38.5,0.975,0.1035, 0,0,0,0, 0,0,0,0
652, 38.5,2.25,0.1035, 0,0,1,0, 0,0,0,0
605, 41.5,-2.25,0.1035, 0,0,0,0, 0,0,0,0
617, 41.5,-0.975,0.1035, 0,0,0,0, 0,0,0,0
629, 41.5,0,0.1035, 0,0,1,0, 0,0,0,0
641, 41.5,0.975,0.1035, 0,0,0,0, 0,0,0,0
653, 41.5,2.25,0.1035, 0,0,0,0, 0,0,0,0
606, 44,-2.25,0.1035, 0,0,0,0, 0,0,0,0
618, 44,-0.975,0.1035, 0,0,0,0, 0,0,0,0
630, 44,0,0.1035, 0,0,0,0, 0,0,0,0
642, 44,0.975,0.1035, 0,0,0,0, 0,0,0,0
654, 44,2.25,0.1035, 0,0,0,0, 0,0,0,0
607, 46.5,-2.25,0.1035, 0,0,0,0, 0,0,0,0
619, 46.5,-0.975,0.1035, 0,0,1,0, 0,0,0,0
631, 46.5,0,0.1035, 0,0,0,0, 0,0,0,0
643, 46.5,0.975,0.1035, 0,0,0,0, 0,0,0,0
655, 46.5,2.25,0.1035, 0,0,0,0, 0,0,0,0
608, 52,-2.25,0.1035, 0,0,0,0, 0,0,0,0
620, 52,-0.975,0.1035, 0,0,0,0, 0,0,0,0
632, 52,0,0.1035, 0,0,1,0, 0,0,0,0
644, 52,0.975,0.1035, 0,0,0,0, 1,0,1,0
656, 52,2.25,0.1035, 0,0,0,0, 0,0,0,0
609, 59.5,-2.25,0.1035, 0,0,0,0, 0,0,1,0
621, 59.5,-0.975,0.1035, 0,0,0,0, 0,0,0,0
633, 59.5,0,0.1035, 0,0,0,0, 0,0,0,0
645, 59.5,0.975,0.1035, 0,0,1,0, 0,0,0,0
657, 59.5,2.25,0.1035, 0,0,0,0, 0,0,1,0
610, 281.5,-2.25,0.1035, 0,0,4,0, 1,0,1,0
622, 281.5,-0.975,0.1035, 0,0,7,0, 1,0,0,0
634, 281.5,0,0.1035, 0,0,6,0, 1,0,1,0
646, 281.5,0.975,0.1035, 0,0,4,0, 0,0,0,0
658, 281.5,2.25,0.1035, 0,0,0,0, 0,0,0,0
685, 14.5,-2.25,0.11, 0,0,0,0, 0,0,0,0
697, 14.5,-0.975,0.11, 0,0,0,0, 0,0,0,0
709, 14.5,0,0.11, 0,0,0,0, 0,0,0,0
721, 14.5,0.975,0.11, 0,0,0,0, 0,0,0,0
733, 14.5,2.25,0.11, 0,0,0,0, 0,0,0,0
686, 31,-2.25,0.11, 0,0,0,0, 0,0,0,0
698, 31,-0.975,0.11, 0,0,0,0, 0,0,0,0
710, 31,0,0.11, 0,0,0,0, 0,0,0,0
722, 31,0.975,0.11, 0,0,1,0, 1,0,1,0
734, 31,2.25,0.11, 0,0,0,0, 0,0,0,0
687, 35,-2.25,0.11, 0,0,0,0, 0,0,0,0
699, 35,-0.975,0.11, 0,0,0,0, 0,0,0,0
711, 35,0,0.11, 0,0,0,0, 0,0,0,0
723, 35,0.975,0.11, 0,0,0,0, 0,0,1,0
735, 35,2.25,0.11, 0,0,0,0, 0,0,0,0
688, 38.5,-2.25,0.11, 0,0,0,0, 0,0,0,0
700, 38.5,-0.975,0.11, 0,0,0,0, 0,0,1,0
712, 38.5,0,0.11, 0,0,0,0, 0,0,0,0
724, 38.5,0.975,0.11, 0,0,0,0, 0,0,0,0
736, 38.5,2.25,0.11, 0,0,0,0, 1,0,0,0
689, 41.5,-2.25,0.11, 0,0,0,0, 0,0,0,0
701, 41.5,-0.975,0.11, 0,0,0,0, 0,0,0,0
713, 41.5,0,0.11, 0,0,1,0, 0,0,1,0
725, 41.5,0.975,0.11, 0,0,1,0, 0,0,0,0
737, 41.5,2.25,0.11, 0,0,0,0, 1,1,0,0
690, 44,-2.25,0.11, 0,0,0,0, 0,0,0,0
702, 44,-0.975,0.11, 0,0,0,0, 0,0,0,0
714, 44,0,0.11, 0,0,0,0, 0,0,0,0
726, 44,0.975,0.11, 0,0,0,0, 0,0,0,0
738, 44,2.25,0.11, 0,0,0,0, 0,0,0,0
691, 46.5,-2.25,0.11, 0,0,0,0, 0,0,0,0
703, 46.5,-0.975,0.11, 0,0,0,0, 0,0,0,0
715, 46.5,0,0.11, 0,0,1,0, 0,0,0,0
727, 46.5,0.975,0.11, 0,0,0,0, 0,0,0,0
739, 46.5,2.25,0.11, 0,0,0,0, 0,0,0,0
692, 52,-2.25,0.11, 0,0,1,0, 0,0,0,0
704, 52,-0.975,0.11, 0,0,0,0, 0,0,0,0
716, 52,0,0.11, 0,0,0,0, 0,0,1,0
728, 52,0.975,0.11, 0,0,1,0, 0,0,0,0
740, 52,2.25,0.11, 0,0,0,0, 0,0,0,0
693, 59.5,-2.25,0.11, 0,0,0,0, 0,0,0,0
705, 59.5,-0.975,0.11, 0,0,0,0, 0,0,0,0
717, 59.5,0,0.11, 0,0,0,0, 1,0,1,0
729, 59.5,0.975,0.11, 0,0,1,0, 0,0,0,0
741, 59.5,2.25,0.11, 0,0,0,0, 0,0,0,0
694, 281.5,-2.25,0.11, 0,0,2,0, 0,0,0,0
706, 281.5,-0.975,0.11, 0,0,2,0, 1,0,2,0
718, 281.5,0,0.11, 0,0,5,0, 1,0,1,0
730, 281.5,0.975,0.11, 0,0,5,0, 0,0,0,0
742, 281.5,2.25,0.11, 0,0,1,0, 1,0,1,0
769, 14.5,-2.25,0.1165, 0,0,0,0, 0,0,0,0
781, 14.5,-0.975,0.1165, 0,0,0,0, 0,0,0,0
793, 14.5,0,0.1165, 0,0,0,0, 0,0,0,0
805, 14.5,0.975,0.1165, 0,0,0,0, 0,0,0,0
817, 14.5,2.25,0.1165, 0,0,0,0, 0,0,0,0
770, 31,-2.25,0.1165, 0,0,0,0, 0,0,0,0
782, 31,-0.975,0.1165, 0,0,2,0, 0,0,1,0
794, 31,0,0.1165, 0,0,0,0, 0,0,0,0
806, 31,0.975,0.1165, 0,0,0,0, 0,0,0,0
818, 31,2.25,0.1165, 0,0,0,0, 0,0,0,0
771, 35,-2.25,0.1165, 0,0,0,0, 0,0,0,0
783, 35,-0.975,0.1165, 0,0,1,0, 0,0,0,0
795, 35,0,0.1165, 0,0,0,0, 0,0,0,0
807, 35,0.975,0.1165, 0,0,0,0, 0,0,0,0
819, 35,2.25,0.1165, 0,0,0,0, 0,0,1,0
772, 38.5,-2.25,0.1165, 0,0,0,0, 0,0,0,0
784, 38.5,-0.975,0.1165, 0,0,1,0, 0,0,0,0
796, 38.5,0,0.1165, 0,0,0,0, 0,0,0,0
808, 38.5,0.975,0.1165, 0,0,0,0, 0,0,0,0
820, 38.5,2.25,0.1165, 0,0,1,0, 0,0,0,0
773, 41.5,-2.25,0.1165, 0,0,0,0, 0,0,0,0
785, 41.5,-0.975,0.1165, 0,0,1,0, 0,0,0,0
797, 41.5,0,0.1165, 0,0,0,0, 0,0,0,0
809, 41.5,0.975,0.1165, 0,0,0,0, 0,0,0,0
821, 41.5,2.25,0.1165, 0,0,0,0, 0,0,1,0
774, 44,-2.25,0.1165, 0,0,0,0, 0,0,1,0
786, 44,-0.975,0.1165, 0,0,2,0, 0,0,0,0
798, 44,0,0.1165, 0,0,0,0, 0,0,0,0
810, 44,0.975,0.1165, 0,0,0,0, 0,0,1,0
822, 44,2.25,0.1165, 0,0,0,0, 0,0,1,0
775, 46.5,-2.25,0.1165, 0,0,0,0, 0,0,0,0
787, 46.5,-0.975,0.1165, 0,0,1,0, 0,0,0,0
799, 46.5,0,0.1165, 0,0,0,0, 0,0,0,0
811, 46.5,0.975,0.1165, 0,0,0,0, 0,0,1,0
823, 46.5,2.25,0.1165, 0,0,1,0, 0,0,0,0
776, 52,-2.25,0.1165, 0,0,1,0, 0,0,0,0
788, 52,-0.975,0.1165, 0,0,0,0, 0,0,1,0
800, 52,0,0.1165, 0,0,0,0, 0,0,1,0
812, 52,0.975,0.1165, 0,0,1,0, 0,0,0,0
824, 52,2.25,0.1165, 0,0,0,0, 0,0,0,0
777, 59.5,-2.25,0.1165, 0,0,1,0, 1,0,0,0
789, 59.5,-0.975,0.1165, 0,0,0,0, 0,0,0,0
801, 59.5,0,0.1165, 0,0,0,0, 0,0,0,0
813, 59.5,0.975,0.1165, 0,0,0,0, 0,0,0,0
825, 59.5,2.25,0.1165, 0,0,0,0, 0,0,0,0
778, 281.5,-2.25,0.1165, 0,0,1,0, 0,0,0,0
790, 281.5,-0.975,0.1165, 0,0,5,0, 1,0,1,0
802, 281.5,0,0.1165, 0,0,7,0, 0,0,0,0
814, 281.5,0.975,0.1165, 0,0,10,0, 0,0,0,0
826, 281.5,2.25,0.1165, 0,0,2,0, 0,0,1,0
853, 14.5,-2.25,0.1235, 0,0,0,0, 0,0,0,0
865, 14.5,-0.975,0.1235, 0,0,0,0, 0,0,0,0
877, 14.5,0,0.1235, 0,0,0,0, 0,0,0,0
889, 14.5,0.975,0.1235, 0,0,0,0, 0,0,0,0
901, 14.5,2.25,0.1235, 0,0,0,0, 0,0,0,0
854, 31,-2.25,0.1235, 0,0,0,0, 0,0,0,0
866, 31,-0.975,0.1235, 0,0,0,0, 0,0,0,0
878, 31,0,0.1235, 0,0,0,0, 0,0,0,0
890, 31,0.975,0.1235, 0,0,1,0, 0,0,0,0
902, 31,2.25,0.1235, 0,0,0,0, 0,0,0,0
855, 35,-2.25,0.1235, 0,0,0,0, 0,0,0,0
867, 35,-0.975,0.1235, 0,0,1,0, 0,0,0,0
879, 35,0,0.1235, 0,0,0,0, 0,0,0,0
891, 35,0.975,0.1235, 0,0,0,0, 0,0,1,0
903, 35,2.25,0.1235, 0,0,0,0, 0,0,1,0
856, 38.5,-2.25,0.1235, 0,0,0,0, 0,0,0,0
868, 38.5,-0.975,0.1235, 0,0,0,0, 0,0,0,0
880, 38.5,0,0.1235, 0,0,1,0, 1,0,0,0
892, 38.5,0.975,0.1235, 0,0,0,0, 0,0,0,0
904, 38.5,2.25,0.1235, 0,0,0,0, 0,0,0,0
857, 41.5,-2.25,0.1235, 0,0,0,0, 0,0,0,0
869, 41.5,-0.975,0.1235, 0,0,1,0, 0,0,2,0
881, 41.5,0,0.1235, 0,0,0,0, 0,0,0,0
893, 41.5,0.975,0.1235, 0,0,0,0, 0,0,0,0
905, 41.5,2.25,0.1235, 0,0,0,0, 0,0,0,0
858, 44,-2.25,0.1235, 0,0,0,0, 0,0,0,0
870, 44,-0.975,0.1235, 0,0,0,0, 0,0,0,0
882, 44,0,0.1235, 0,0,0,0, 0,0,0,0
894, 44,0.975,0.1235, 0,0,0,0, 0,0,0,0
906, 44,2.25,0.1235, 0,0,0,0, 0,0,0,0
859, 46.5,-2.25,0.1235, 0,0,1,0, 0,0,0,0
871, 46.5,-0.975,0.1235, 0,0,0,0, 0,0,0,0
883, 46.5,0,0.1235, 0,0,0,0, 0,0,0,0
895, 46.5,0.975,0.1235, 0,0,0,0, 0,0,0,0
907, 46.5,2.25,0.1235, 0,0,0,0, 0,0,0,0
860, 52,-2.25,0.1235, 0,0,0,0, 0,0,0,0
872, 52,-0.975,0.1235, 0,0,0,0, 0,0,0,0
884, 52,0,0.1235, 0,0,0,0, 0,0,0,0
896, 52,0.975,0.1235, 0,0,0,0, 0,0,1,0
908, 52,2.25,0.1235, 0,0,0,0, 0,0,0,0
861, 59.5,-2.25,0.1235, 0,0,0,0, 0,0,1,0
873, 59.5,-0.975,0.1235, 0,0,0,0, 0,0,0,0
885, 59.5,0,0.1235, 0,0,0,0, 0,0,0,0
897, 59.5,0.975,0.1235, 0,0,0,0, 0,0,0,0
909, 59.5,2.25,0.1235, 0,0,0,0, 0,0,0,0
862, 281.5,-2.25,0.1235, 0,0,1,0, 2,0,1,0
874, 281.5,-0.975,0.1235, 0,0,6,0, 1,0,1,0
886, 281.5,0,0.1235, 0,0,5,0, 0,0,0,0
898, 281.5,0.975,0.1235, 0,0,5,0, 0,0,0,0
910, 281.5,2.25,0.1235, 0,0,2,0, 0,0,0,0
937, 14.5,-2.25,0.13, 0,0,0,0, 0,0,0,0
949, 14.5,-0.975,0.13, 0,0,0,0, 0,0,0,0
961, 14.5,0,0.13, 0,0,0,0, 0,0,0,0
973, 14.5,0.975,0.13, 0,0,0,0, 0,0,0,0
985, 14.5,2.25,0.13, 0,0,0,0, 0,0,0,0
938, 31,-2.25,0.13, 0,0,0,0, 0,0,0,0
950, 31,-0.975,0.13, 0,0,1,0, 0,0,0,0
962, 31,0,0.13, 0,0,0,0, 0,0,0,0
974, 31,0.975,0.13, 0,0,0,0, 0,0,0,0
986, 31,2.25,0.13, 0,0,0,0, 0,0,0,0
939, 35,-2.25,0.13, 0,0,0,0, 0,0,0,0
951, 35,-0.975,0.13, 0,0,0,0, 0,0,1,0
963, 35,0,0.13, 0,0,0,0, 0,0,0,0
975, 35,0.975,0.13, 0,0,0,0, 0,0,0,0
987, 35,2.25,0.13, 0,0,0,0, 1,0,2,0
940, 38.5,-2.25,0.13, 0,0,0,0, 0,0,0,0
952, 38.5,-0.975,0.13, 0,0,0,0, 0,0,0,0
964, 38.5,0,0.13, 0,0,0,0, 0,0,1,0
976, 38.5,0.975,0.13, 0,0,0,0, 0,0,0,0
988, 38.5,2.25,0.13, 0,0,0,0, 0,0,1,0
941, 41.5,-2.25,0.13, 0,0,0,0, 0,0,0,0
953, 41.5,-0.975,0.13, 0,0,0,0, 0,0,0,0
965, 41.5,0,0.13, 0,0,0,0, 0,0,0,0
977, 41.5,0.975,0.13, 0,0,0,0, 0,0,0,0
989, 41.5,2.25,0.13, 0,0,0,0, 0,0,0,0
942, 44,-2.25,0.13, 0,0,0,0, 0,0,0,0
954, 44,-0.975,0.13, 0,0,0,0, 0,0,0,0
966, 44,0,0.13, 0,0,0,0, 0,0,0,0
978, 44,0.975,0.13, 0,0,0,0, 0,0,0,0
990, 44,2.25,0.13, 0,0,0,0, 0,0,0,0
943, 46.5,-2.25,0.13, 0,0,0,0, 0,0,0,0
955, 46.5,-0.975,0.13, 0,0,0,0, 1,0,1,0
967, 46.5,0,0.13, 0,0,0,0, 0,0,0,0
979, 46.5,0.975,0.13, 0,0,1,0, 0,0,0,0
991, 46.5,2.25,0.13, 0,0,0,0, 0,0,0,0
944, 52,-2.25,0.13, 0,0,1,0, 0,0,0,0
956, 52,-0.975,0.13, 0,0,0,0, 1,0,2,0
968, 52,0,0.13, 0,0,0,0, 1,0,0,0
980, 52,0.975,0.13, 0,0,0,0, 0,0,0,0
992, 52,2.25,0.13, 0,0,0,0, 0,0,1,0
945, 59.5,-2.25,0.13, 0,0,0,0, 0,0,0,0
957, 59.5,-0.975,0.13, 0,0,0,0, 0,0,0,0
969, 59.5,0,0.13, 0,0,0,0, 0,0,2,0
981, 59.5,0.975,0.13, 0,0,0,0, 0,0,0,0
993, 59.5,2.25,0.13, 0,0,0,0, 0,0,0,0
946, 281.5,-2.25,0.13, 0,0,1,0, 0,0,0,0
958, 281.5,-0.975,0.13, 0,0,2,0, 1,0,1,0
970, 281.5,0,0.13, 0,0,3,0, 0,0,1,0
982, 281.5,0.975,0.13, 0,0,1,0, 1,0,1,0
994, 281.5,2.25,0.13, 0,0,1,0, 2,0,4,0
1021, 14.5,-2.25,0.1365, 0,0,0,0, 0,0,0,0
1033, 14.5,-0.975,0.1365, 0,0,0,0, 0,0,0,0
1045, 14.5,0,0.1365, 0,0,0,0, 0,0,0,0
1057, 14.5,0.975,0.1365, 0,0,0,0, 0,0,0,0
1069, 14.5,2.25,0.1365, 0,0,0,0, 0,0,0,0
1022, 31,-2.25,0.1365, 0,0,0,0, 0,0,0,0
1034, 31,-0.975,0.1365, 0,0,0,0, 0,0,1,0
1046, 31,0,0.1365, 0,0,0,0, 0,0,0,0
1058, 31,0.975,0.1365, 0,0,0,0, 0,0,0,0
1070, 31,2.25,0.1365, 0,0,0,0, 0,0,0,0
1023, 35,-2.25,0.1365, 0,0,0,0, 0,0,0,0
1035, 35,-0.975,0.1365, 0,0,0,0, 0,0,0,0
1047, 35,0,0.1365, 0,0,0,0, 0,0,1,0
1059, 35,0.975,0.1365, 0,0,0,0, 0,0,0,0
1071, 35,2.25,0.1365, 0,0,0,0, 0,0,1,0
1024, 38.5,-2.25,0.1365, 0,0,0,0, 0,0,0,0
1036, 38.5,-0.975,0.1365, 0,0,1,0, 0,0,0,0
1048, 38.5,0,0.1365, 0,0,0,0, 0,0,0,0
1060, 38.5,0.975,0.1365, 0,0,0,0, 0,0,0,0
1072, 38.5,2.25,0.1365, 0,0,0,0, 0,0,1,0
1025, 41.5,-2.25,0.1365, 0,0,0,0, 0,0,0,0
1037, 41.5,-0.975,0.1365, 0,0,0,0, 0,0,0,0
1049, 41.5,0,0.1365, 0,0,0,0, 0,0,0,0
1061, 41.5,0.975,0.1365, 0,0,0,0, 0,0,0,0
1073, 41.5,2.25,0.1365, 0,0,0,0, 0,0,1,0
1026, 44,-2.25,0.1365, 0,0,0,0, 0,0,0,0
1038, 44,-0.975,0.1365, 0,0,0,0, 0,0,0,0
1050, 44,0,0.1365, 0,0,0,0, 0,0,1,0
1062, 44,0.975,0.1365, 0,0,0,0, 0,0,0,0
1074, 44,2.25,0.1365, 0,0,0,0, 0,0,0,0
1027, 46.5,-2.25,0.1365, 0,0,0,0, 0,0,0,0
1039, 46.5,-0.975,0.1365, 0,0,0,0, 0,0,0,0
1051, 46.5,0,0.1365, 0,0,0,0, 0,0,0,0
1063, 46.5,0.975,0.1365, 0,0,0,0, 0,0,0,0
1075, 46.5,2.25,0.1365, 0,0,0,0, 0,0,1,0
1028, 52,-2.25,0.1365, 0,0,0,0, 0,0,0,0
1040, 52,-0.975,0.1365, 0,0,0,0, 0,0,0,0
1052, 52,0,0.1365, 0,0,0,0, 0,0,0,0
1064, 52,0.975,0.1365, 0,0,0,0, 0,0,0,0
1076, 52,2.25,0.1365, 0,0,0,0, 1,0,1,0
1029, 59.5,-2.25,0.1365, 0,0,1,0, 1,0,1,0
1041, 59.5,-0.975,0.1365, 0,0,0,0, 0,0,0,0
1053, 59.5,0,0.1365, 0,0,2,0, 1,0,1,0
1065, 59.5,0.975,0.1365, 0,0,0,0, 0,0,0,0
1077, 59.5,2.25,0.1365, 0,0,0,0, 0,0,0,0
1030, 281.5,-2.25,0.1365, 0,0,2,0, 1,0,1,0
1042, 281.5,-0.975,0.1365, 0,0,7,0, 0,0,2,0
1054, 281.5,0,0.1365, 0,0,6,0, 2,0,1,0
1066, 281.5,0.975,0.1365, 0,0,5,0, 2,0,0,0
1078, 281.5,2.25,0.1365, 0,0,0,0, 0,0,0,0
1105, 14.5,-2.25,0.145, 0,0,0,0, 0,0,0,0
1117, 14.5,-0.975,0.145, 0,0,0,0, 0,0,0,0
1129, 14.5,0,0.145, 0,0,0,0, 0,0,0,0
1141, 14.5,0.975,0.145, 0,0,0,0, 0,0,0,0
1153, 14.5,2.25,0.145, 0,0,0,0, 0,0,0,0
1106, 31,-2.25,0.145, 0,0,1,0, 0,0,0,0
1118, 31,-0.975,0.145, 0,0,0,0, 0,0,0,0
1130, 31,0,0.145, 0,0,0,0, 0,0,0,0
1142, 31,0.975,0.145, 0,0,0,0, 0,0,0,0
1154, 31,2.25,0.145, 0,0,0,0, 0,0,0,0
1107, 35,-2.25,0.145, 0,0,0,0, 0,0,0,0
1119, 35,-0.975,0.145, 0,0,0,0, 1,0,1,0
1131, 35,0,0.145, 0,0,1,0, 0,0,1,0
1143, 35,0.975,0.145, 0,0,2,0, 0,0,0,0
1155, 35,2.25,0.145, 0,0,1,0, 0,0,0,0
1108, 38.5,-2.25,0.145, 0,0,0,0, 0,0,0,0
1120, 38.5,-0.975,0.145, 0,0,1,0, 0,0,0,0
1132, 38.5,0,0.145, 0,0,0,0, 0,0,1,0
1144, 38.5,0.975,0.145, 0,0,0,0, 0,0,0,0
1156, 38.5,2.25,0.145, 0,0,0,0, 0,0,0,0
1109, 41.5,-2.25,0.145, 0,0,0,0, 0,0,0,0
1121, 41.5,-0.975,0.145, 0,0,0,0, 0,0,0,0
1133, 41.5,0,0.145, 0,0,0,0, 0,0,0,0
1145, 41.5,0.975,0.145, 0,0,0,0, 0,0,0,0
1157, 41.5,2.25,0.145, 0,0,3,0, 0,0,1,0
1110, 44,-2.25,0.145, 0,0,0,0, 0,0,0,0
1122, 44,-0.975,0.145, 0,0,0,0, 0,0,1,0
1134, 44,0,0.145, 0,0,0,0, 0,0,0,0
1146, 44,0.975,0.145, 0,0,0,0, 0,0,0,0
1158, 44,2.25,0.145, 0,0,0,0, 0,0,0,0
1111, 46.5,-2.25,0.145, 0,0,0,0, 0,0,0,0
1123, 46.5,-0.975,0.145, 0,0,1,0, 0,0,1,0
1135, 46.5,0,0.145, 0,0,0,0, 0,0,0,0
1147, 46.5,0.975,0.145, 0,0,2,0, 0,0,0,0
1159, 46.5,2.25,0.145, 0,0,1,0, 0,0,0,0
1112, 52,-2.25,0.145, 0,0,0,0, 0,0,1,0
1124, 52,-0.975,0.145, 0,0,0,0, 0,0,0,0
1136, 52,0,0.145, 0,0,1,0, 1,0,1,0
1148, 52,0.975,0.145, 0,0,2,0, 0,0,2,0
1160, 52,2.25,0.145, 0,0,0,0, 0,0,1,0
1113, 59.5,-2.25,0.145, 0,0,1,0, 0,0,0,0
1125, 59.5,-0.975,0.145, 0,0,0,0, 0,0,0,0
1137, 59.5,0,0.145, 0,0,0,0, 0,0,1,0
1149, 59.5,0.975,0.145, 0,0,0,0, 1,0,1,0
1161, 59.5,2.25,0.145, 0,0,0,0, 0,0,0,0
1114, 281.5,-2.25,0.145, 0,0,1,0, 0,0,0,0
1126, 281.5,-0.975,0.145, 0,0,6,0, 0,0,0,0
1138, 281.5,0,0.145, 0,0,3,0, 0,0,1,0
1150, 281.5,0.975,0.145, 0,0,4,0, 2,0,1,0
1162, 281.5,2.25,0.145, 0,0,1,0, 0,0,0,0
1189, 14.5,-2.25,0.155, 0,0,0,0, 0,0,0,0
1201, 14.5,-0.975,0.155, 0,0,0,0, 0,0,0,0
1213, 14.5,0,0.155, 0,0,0,0, 0,0,0,0
1225, 14.5,0.975,0.155, 0,0,0,0, 0,0,0,0
1237, 14.5,2.25,0.155, 0,0,0,0, 0,0,0,0
1190, 31,-2.25,0.155, 0,0,2,0, 0,0,0,0
1202, 31,-0.975,0.155, 0,0,0,0, 0,0,0,0
1214, 31,0,0.155, 0,0,0,0, 0,0,0,0
1226, 31,0.975,0.155, 0,0,0,0, 1,0,1,0
1238, 31,2.25,0.155, 0,0,1,0, 0,0,2,0
1191, 35,-2.25,0.155, 0,0,3,0, 0,0,2,0
1203, 35,-0.975,0.155, 0,0,0,0, 0,0,0,0
1215, 35,0,0.155, 0,0,1,0, 0,0,0,0
1227, 35,0.975,0.155, 1,0,2,0, 0,0,0,0
1239, 35,2.25,0.155, 0,0,0,0, 0,0,1,0
1192, 38.5,-2.25,0.155, 0,0,0,0, 0,0,2,0
1204, 38.5,-0.975,0.155, 0,0,0,0, 1,0,2,0
1216, 38.5,0,0.155, 0,0,3,0, 1,0,0,0
1228, 38.5,0.975,0.155, 0,0,0,0, 0,0,0,0
1240, 38.5,2.25,0.155, 0,0,0,0, 1,0,0,0
1193, 41.5,-2.25,0.155, 0,0,0,0, 0,0,0,0
1205, 41.5,-0.975,0.155, 0,0,1,0, 0,0,1,0
1217, 41.5,0,0.155, 0,0,0,0, 1,0,1,0
1229, 41.5,0.975,0.155, 0,0,0,0, 0,0,0,0
1241, 41.5,2.25,0.155, 0,0,1,0, 0,0,1,0
1194, 44,-2.25,0.155, 0,0,0,0, 0,0,0,0
1206, 44,-0.975,0.155, 0,0,0,0, 0,0,0,0
1218, 44,0,0.155, 0,0,0,0, 0,0,0,0
1230, 44,0.975,0.155, 0,0,1,0, 0,0,0,0
1242, 44,2.25,0.155, 0,0,0,0, 0,0,0,0
1195, 46.5,-2.25,0.155, 0,0,0,0, 0,0,0,0
1207, 46.5,-0.975,0.155, 0,0,0,0, 0,0,1,0
1219, 46.5,0,0.155, 0,0,1,0, 0,0,0,0
1231, 46.5,0.975,0.155, 0,0,0,0, 0,0,0,0
1243, 46.5,2.25,0.155, 0,0,1,0, 0,0,0,0
1196, 52,-2.25,0.155, 0,0,0,0, 0,0,0,0
1208, 52,-0.975,0.155, 0,0,0,0, 0,0,1,0
1220, 52,0,0.155, 0,0,2,0, 0,0,1,0
1232, 52,0.975,0.155, 0,0,1,0, 0,0,0,0
1244, 52,2.25,0.155, 0,0,0,0, 0,0,0,0
1197, 59.5,-2.25,0.155, 0,0,0,0, 0,0,0,0
1209, 59.5,-0.975,0.155, 0,0,2,0, 1,0,0,0
1221, 59.5,0,0.155, 0,0,2,0, 0,0,0,0
1233, 59.5,0.975,0.155, 0,0,1,0, 1,0,1,0
1245, 59.5,2.25,0.155, 0,0,0,0, 0,0,0,0
1198, 281.5,-2.25,0.155, 0,0,2,0, 0,0,1,0
1210, 281.5,-0.975,0.155, 0,0,3,0, 0,0,1,0
1222, 281.5,0,0.155, 0,0,7,0, 1,0,1,0
1234, 281.5,0.975,0.155, 0,0,6,0, 1,0,1,0
1246, 281.5,2.25,0.155, 0,0,0,0, 1,0,0,0
1273, 14.5,-2.25,1.08, 0,0,0,0, 0,0,0,0
1285, 14.5,-0.975,1.08, 0,0,0,0, 0,0,0,0
1297, 14.5,0,1.08, 0,0,0,0, 0,0,0,0
1309, 14.5,0.975,1.08, 0,0,0,0, 0,0,0,0
1321, 14.5,2.25,1.08, 0,0,0,0, 0,0,0,0
1274, 31,-2.25,1.08, 0,0,2,0, 0,0,1,0
1286, 31,-0.975,1.08, 0,0,6,0, 0,0,2,0
1298, 31,0,1.08, 0,0,5,0, 0,0,3,0
1310, 31,0.975,1.08, 0,0,3,0, 1,0,1,0
1322, 31,2.25,1.08, 0,0,4,0, 0,0,0,0
1275, 35,-2.25,1.08, 0,0,4,0, 1,0,2,0
1287, 35,-0.975,1.08, 0,0,1,0, 0,0,5,0
1299, 35,0,1.08, 0,0,2,0, 1,0,2,0
1311, 35,0.975,1.08, 0,0,4,0, 1,0,2,0
1323, 35,2.25,1.08, 1,0,6,0, 0,0,0,0
1276, 38.5,-2.25,1.08, 0,0,2,0, 2,0,5,0
1288, 38.5,-0.975,1.08, 1,0,1,0, 2,0,2,0
1300, 38.5,0,1.08, 0,0,3,0, 2,0,2,0
1312, 38.5,0.975,1.08, 1,0,1,0, 1,0,3,0
1324, 38.5,2.25,1.08, 1,0,7,0, 0,0,0,0
1277, 41.5,-2.25,1.08, 0,0,2,0, 0,0,0,0
1289, 41.5,-0.975,1.08, 0,0,4,0, 0,0,0,0
1301, 41.5,0,1.08, 0,0,1,0, 1,0,0,0
1313, 41.5,0.975,1.08, 0,0,1,0, 2,0,2,0
1325, 41.5,2.25,1.08, 0,0,3,0, 0,0,1,0
1278, 44,-2.25,1.08, 0,0,2,0, 0,0,0,0
1290, 44,-0.975,1.08, 0,0,1,0, 0,0,0,0
1302, 44,0,1.08, 0,0,0,0, 1,0,1,0
1314, 44,0.975,1.08, 0,0,1,0, 0,0,1,0
1326, 44,2.25,1.08, 0,0,1,0, 0,0,1,0
1279, 46.5,-2.25,1.08, 1,0,3,0, 1,0,1,0
1291, 46.5,-0.975,1.08, 0,0,1,0, 0,0,0,0
1303, 46.5,0,1.08, 1,0,2,0, 0,0,2,0
1315, 46.5,0.975,1.08, 0,0,2,0, 1,0,0,0
1327, 46.5,2.25,1.08, 0,0,0,0, 0,0,0,0
1280, 52,-2.25,1.08, 1,0,0,0, 1,0,4,0
1292, 52,-0.975,1.08, 0,0,3,0, 1,0,2,0
1304, 52,0,1.08, 0,0,2,0, 0,0,2,0
1316, 52,0.975,1.08, 0,0,3,0, 4,0,7,0
1328, 52,2.25,1.08, 0,0,2,0, 0,0,3,0
1281, 59.5,-2.25,1.08, 0,0,0,0, 0,0,0,0
1293, 59.5,-0.975,1.08, 0,0,0,0, 2,0,1,0
1305, 59.5,0,1.08, 0,0,5,0, 0,0,1,0
1317, 59.5,0.975,1.08, 0,0,4,0, 3,0,4,0
1329, 59.5,2.25,1.08, 0,0,0,0, 0,0,1,0
1282, 281.5,-2.25,1.08, 0,0,4,0, 1,0,0,0
1294, 281.5,-0.975,1.08, 0,0,11,0, 3,0,4,0
1306, 281.5,0,1.08, 0,0,13,0, 1,0,4,0
1318, 281.5,0.975,1.08, 0,0,8,0, 1,0,1,0
1330, 281.5,2.25,1.08, 0,0,7,0, 2,0,1,0
